{"cameraMode":{"drawMode":0,"name":"Shaded","section":"Shading Mode"},"sceneLighting":true,"audioPlay":false,"sceneViewState":{"m_AlwaysRefresh":false,"showFog":true,"showSkybox":true,"showFlares":true,"showImageEffects":true,"showParticleSystems":true,"showVisualEffectGraphs":true,"m_FxEnabled":true},"in2DMode":false,"pivot":{"x":-0.04251094534993172,"y":-2.021559238433838,"z":3.3429229259490969},"rotation":{"x":-0.34418419003486636,"y":-0.0022653681226074697,"z":0.0007879121112637222,"w":-0.9390770792961121},"size":2.378476142883301,"orthographic":false}